Domain,Area,Element,Item,Year,Unit,Value
"Livestock Manure","Brazil","Stocks","Cattle, dairy","2007","Head","21122318"
"Livestock Manure","Brazil","Stocks","Cattle, dairy","2008","Head","21585280"
"Livestock Manure","Brazil","Stocks","Cattle, dairy","2009","Head","22435289"
"Livestock Manure","Brazil","Stocks","Cattle, dairy","2010","Head","22924914"
"Livestock Manure","Brazil","Stocks","Cattle, dairy","2011","Head","23229193"
"Livestock Manure","Brazil","Stocks","Cattle, dairy","2012","Head","22803519"
"Livestock Manure","Brazil","Stocks","Cattle, dairy","2013","Head","22954537"
"Livestock Manure","Brazil","Stocks","Cattle, dairy","2014","Head","23027951"
"Livestock Manure","Brazil","Stocks","Cattle, dairy","2015","Head","21110916"
"Livestock Manure","Brazil","Stocks","Cattle, dairy","2016","Head","19667256"
"Livestock Manure","Brazil","Stocks","Cattle, dairy","2017","Head","17060117"
"Livestock Manure","Brazil","Amount excreted in manure (N content)","Cattle, dairy","2007","kg","1480252045.44"
"Livestock Manure","Brazil","Amount excreted in manure (N content)","Cattle, dairy","2008","kg","1512696422.3999999"
"Livestock Manure","Brazil","Amount excreted in manure (N content)","Cattle, dairy","2009","kg","1572265053.12"
"Livestock Manure","Brazil","Amount excreted in manure (N content)","Cattle, dairy","2010","kg","1606577973.12"
"Livestock Manure","Brazil","Amount excreted in manure (N content)","Cattle, dairy","2011","kg","1627901845.44"
"Livestock Manure","Brazil","Amount excreted in manure (N content)","Cattle, dairy","2012","kg","1598070611.52"
"Livestock Manure","Brazil","Amount excreted in manure (N content)","Cattle, dairy","2013","kg","1608653952.96"
"Livestock Manure","Brazil","Amount excreted in manure (N content)","Cattle, dairy","2014","kg","1613798806.08"
"Livestock Manure","Brazil","Amount excreted in manure (N content)","Cattle, dairy","2015","kg","1479452993.28"
"Livestock Manure","Brazil","Amount excreted in manure (N content)","Cattle, dairy","2016","kg","1378281300.48"
"Livestock Manure","Brazil","Amount excreted in manure (N content)","Cattle, dairy","2017","kg","1195572999.36"
"Livestock Manure","Brazil","Manure left on pasture (N content)","Cattle, dairy","2007","kg","532890736.3584"
"Livestock Manure","Brazil","Manure left on pasture (N content)","Cattle, dairy","2008","kg","544570712.0639999"
"Livestock Manure","Brazil","Manure left on pasture (N content)","Cattle, dairy","2009","kg","566015419.1231999"
"Livestock Manure","Brazil","Manure left on pasture (N content)","Cattle, dairy","2010","kg","578368070.3232"
"Livestock Manure","Brazil","Manure left on pasture (N content)","Cattle, dairy","2011","kg","586044664.3584"
"Livestock Manure","Brazil","Manure left on pasture (N content)","Cattle, dairy","2012","kg","575305420.1472"
"Livestock Manure","Brazil","Manure left on pasture (N content)","Cattle, dairy","2013","kg","579115423.0656"
"Livestock Manure","Brazil","Manure left on pasture (N content)","Cattle, dairy","2014","kg","580967570.1888"
"Livestock Manure","Brazil","Manure left on pasture (N content)","Cattle, dairy","2015","kg","532603077.5808"
"Livestock Manure","Brazil","Manure left on pasture (N content)","Cattle, dairy","2016","kg","496181268.1728"
"Livestock Manure","Brazil","Manure left on pasture (N content)","Cattle, dairy","2017","kg","430406279.7696"
"Livestock Manure","Brazil","Manure left on pasture that volatilises (N content)","Cattle, dairy","2007","kg","106578147.27168"
"Livestock Manure","Brazil","Manure left on pasture that volatilises (N content)","Cattle, dairy","2008","kg","108914142.41279998"
"Livestock Manure","Brazil","Manure left on pasture that volatilises (N content)","Cattle, dairy","2009","kg","113203083.82463999"
"Livestock Manure","Brazil","Manure left on pasture that volatilises (N content)","Cattle, dairy","2010","kg","115673614.06464"
"Livestock Manure","Brazil","Manure left on pasture that volatilises (N content)","Cattle, dairy","2011","kg","117208932.87168"
"Livestock Manure","Brazil","Manure left on pasture that volatilises (N content)","Cattle, dairy","2012","kg","115061084.02944"
"Livestock Manure","Brazil","Manure left on pasture that volatilises (N content)","Cattle, dairy","2013","kg","115823084.61312002"
"Livestock Manure","Brazil","Manure left on pasture that volatilises (N content)","Cattle, dairy","2014","kg","116193514.03776"
"Livestock Manure","Brazil","Manure left on pasture that volatilises (N content)","Cattle, dairy","2015","kg","106520615.51616001"
"Livestock Manure","Brazil","Manure left on pasture that volatilises (N content)","Cattle, dairy","2016","kg","99236253.63456"
"Livestock Manure","Brazil","Manure left on pasture that volatilises (N content)","Cattle, dairy","2017","kg","86081255.95392"
"Livestock Manure","Brazil","Manure left on pasture that leaches (N content)","Cattle, dairy","2007","kg","159867220.90752"
"Livestock Manure","Brazil","Manure left on pasture that leaches (N content)","Cattle, dairy","2008","kg","163371213.61919996"
"Livestock Manure","Brazil","Manure left on pasture that leaches (N content)","Cattle, dairy","2009","kg","169804625.73695996"
"Livestock Manure","Brazil","Manure left on pasture that leaches (N content)","Cattle, dairy","2010","kg","173510421.09695998"
"Livestock Manure","Brazil","Manure left on pasture that leaches (N content)","Cattle, dairy","2011","kg","175813399.30752"
"Livestock Manure","Brazil","Manure left on pasture that leaches (N content)","Cattle, dairy","2012","kg","172591626.04415998"
"Livestock Manure","Brazil","Manure left on pasture that leaches (N content)","Cattle, dairy","2013","kg","173734626.91968"
"Livestock Manure","Brazil","Manure left on pasture that leaches (N content)","Cattle, dairy","2014","kg","174290271.05664"
"Livestock Manure","Brazil","Manure left on pasture that leaches (N content)","Cattle, dairy","2015","kg","159780923.27424"
"Livestock Manure","Brazil","Manure left on pasture that leaches (N content)","Cattle, dairy","2016","kg","148854380.45183998"
"Livestock Manure","Brazil","Manure left on pasture that leaches (N content)","Cattle, dairy","2017","kg","129121883.93087998"
"Livestock Manure","Brazil","Manure treated (N content)","Cattle, dairy","2007","kg","947361309.0816001"
"Livestock Manure","Brazil","Manure treated (N content)","Cattle, dairy","2008","kg","968125710.3359998"
"Livestock Manure","Brazil","Manure treated (N content)","Cattle, dairy","2009","kg","1006249633.9968"
"Livestock Manure","Brazil","Manure treated (N content)","Cattle, dairy","2010","kg","1028209902.7967999"
"Livestock Manure","Brazil","Manure treated (N content)","Cattle, dairy","2011","kg","1041857181.0816001"
"Livestock Manure","Brazil","Manure treated (N content)","Cattle, dairy","2012","kg","1022765191.3728"
"Livestock Manure","Brazil","Manure treated (N content)","Cattle, dairy","2013","kg","1029538529.8944001"
"Livestock Manure","Brazil","Manure treated (N content)","Cattle, dairy","2014","kg","1032831235.8912"
"Livestock Manure","Brazil","Manure treated (N content)","Cattle, dairy","2015","kg","946849915.6991999"
"Livestock Manure","Brazil","Manure treated (N content)","Cattle, dairy","2016","kg","882100032.3072001"
"Livestock Manure","Brazil","Manure treated (N content)","Cattle, dairy","2017","kg","765166719.5904"
"Livestock Manure","Brazil","Losses from manure treated (N content)","Cattle, dairy","2007","kg","213748395.36153603"
"Livestock Manure","Brazil","Losses from manure treated (N content)","Cattle, dairy","2008","kg","218433363.39455998"
"Livestock Manure","Brazil","Losses from manure treated (N content)","Cattle, dairy","2009","kg","227035073.670528"
"Livestock Manure","Brazil","Losses from manure treated (N content)","Cattle, dairy","2010","kg","231989859.318528"
"Livestock Manure","Brazil","Losses from manure treated (N content)","Cattle, dairy","2011","kg","235069026.48153603"
"Livestock Manure","Brazil","Losses from manure treated (N content)","Cattle, dairy","2012","kg","230761396.30348802"
"Livestock Manure","Brazil","Losses from manure treated (N content)","Cattle, dairy","2013","kg","232289630.807424"
"Livestock Manure","Brazil","Losses from manure treated (N content)","Cattle, dairy","2014","kg","233032547.59795198"
"Livestock Manure","Brazil","Losses from manure treated (N content)","Cattle, dairy","2015","kg","213633012.229632"
"Livestock Manure","Brazil","Losses from manure treated (N content)","Cattle, dairy","2016","kg","199023819.789312"
"Livestock Manure","Brazil","Losses from manure treated (N content)","Cattle, dairy","2017","kg","172640741.10758397"
"Livestock Manure","Brazil","Manure applied to soils (N content)","Cattle, dairy","2007","kg","735091475.980064"
"Livestock Manure","Brazil","Manure applied to soils (N content)","Cattle, dairy","2008","kg","751203316.5414399"
"Livestock Manure","Brazil","Manure applied to soils (N content)","Cattle, dairy","2009","kg","780785030.556272"
"Livestock Manure","Brazil","Manure applied to soils (N content)","Cattle, dairy","2010","kg","797824787.4582721"
"Livestock Manure","Brazil","Manure applied to soils (N content)","Cattle, dairy","2011","kg","808414198.110064"
"Livestock Manure","Brazil","Manure applied to soils (N content)","Cattle, dairy","2012","kg","793600041.3993121"
"Livestock Manure","Brazil","Manure applied to soils (N content)","Cattle, dairy","2013","kg","798855716.6769762"
"Livestock Manure","Brazil","Manure applied to soils (N content)","Cattle, dairy","2014","kg","801410644.8632481"
"Livestock Manure","Brazil","Manure applied to soils (N content)","Cattle, dairy","2015","kg","734694667.589568"
"Livestock Manure","Brazil","Manure applied to soils (N content)","Cattle, dairy","2016","kg","684452920.437888"
"Livestock Manure","Brazil","Manure applied to soils (N content)","Cattle, dairy","2017","kg","593720186.672816"
"Livestock Manure","Brazil","Manure applied to soils that volatilises (N content)","Cattle, dairy","2007","kg","147018295.19601282"
"Livestock Manure","Brazil","Manure applied to soils that volatilises (N content)","Cattle, dairy","2008","kg","150240663.30828798"
"Livestock Manure","Brazil","Manure applied to soils that volatilises (N content)","Cattle, dairy","2009","kg","156157006.11125442"
"Livestock Manure","Brazil","Manure applied to soils that volatilises (N content)","Cattle, dairy","2010","kg","159564957.49165443"
"Livestock Manure","Brazil","Manure applied to soils that volatilises (N content)","Cattle, dairy","2011","kg","161682839.62201282"
"Livestock Manure","Brazil","Manure applied to soils that volatilises (N content)","Cattle, dairy","2012","kg","158720008.27986243"
"Livestock Manure","Brazil","Manure applied to soils that volatilises (N content)","Cattle, dairy","2013","kg","159771143.33539525"
"Livestock Manure","Brazil","Manure applied to soils that volatilises (N content)","Cattle, dairy","2014","kg","160282128.97264963"
"Livestock Manure","Brazil","Manure applied to soils that volatilises (N content)","Cattle, dairy","2015","kg","146938933.5179136"
"Livestock Manure","Brazil","Manure applied to soils that volatilises (N content)","Cattle, dairy","2016","kg","136890584.0875776"
"Livestock Manure","Brazil","Manure applied to soils that volatilises (N content)","Cattle, dairy","2017","kg","118744037.33456321"
"Livestock Manure","Brazil","Manure applied to soils that leaches (N content)","Cattle, dairy","2007","kg","220527442.7940192"
"Livestock Manure","Brazil","Manure applied to soils that leaches (N content)","Cattle, dairy","2008","kg","225360994.96243197"
"Livestock Manure","Brazil","Manure applied to soils that leaches (N content)","Cattle, dairy","2009","kg","234235509.1668816"
"Livestock Manure","Brazil","Manure applied to soils that leaches (N content)","Cattle, dairy","2010","kg","239347436.23748162"
"Livestock Manure","Brazil","Manure applied to soils that leaches (N content)","Cattle, dairy","2011","kg","242524259.4330192"
"Livestock Manure","Brazil","Manure applied to soils that leaches (N content)","Cattle, dairy","2012","kg","238080012.41979364"
"Livestock Manure","Brazil","Manure applied to soils that leaches (N content)","Cattle, dairy","2013","kg","239656715.00309286"
"Livestock Manure","Brazil","Manure applied to soils that leaches (N content)","Cattle, dairy","2014","kg","240423193.45897442"
"Livestock Manure","Brazil","Manure applied to soils that leaches (N content)","Cattle, dairy","2015","kg","220408400.2768704"
"Livestock Manure","Brazil","Manure applied to soils that leaches (N content)","Cattle, dairy","2016","kg","205335876.1313664"
"Livestock Manure","Brazil","Manure applied to soils that leaches (N content)","Cattle, dairy","2017","kg","178116056.0018448"
"Livestock Manure","Brazil","Stocks","Cattle, non-dairy","2007","Head","178629696"
"Livestock Manure","Brazil","Stocks","Cattle, non-dairy","2008","Head","180721451"
"Livestock Manure","Brazil","Stocks","Cattle, non-dairy","2009","Head","182872665"
"Livestock Manure","Brazil","Stocks","Cattle, non-dairy","2010","Head","186616195"
"Livestock Manure","Brazil","Stocks","Cattle, non-dairy","2011","Head","189586118"
"Livestock Manure","Brazil","Stocks","Cattle, non-dairy","2012","Head","188475563"
"Livestock Manure","Brazil","Stocks","Cattle, non-dairy","2013","Head","188809755"
"Livestock Manure","Brazil","Stocks","Cattle, non-dairy","2014","Head","189338181"
"Livestock Manure","Brazil","Stocks","Cattle, non-dairy","2015","Head","194109592"
"Livestock Manure","Brazil","Stocks","Cattle, non-dairy","2016","Head","198532325"
"Livestock Manure","Brazil","Stocks","Cattle, non-dairy","2017","Head","197839679"
"Livestock Manure","Brazil","Amount excreted in manure (N content)","Cattle, non-dairy","2007","kg","7158942326.592"
"Livestock Manure","Brazil","Amount excreted in manure (N content)","Cattle, non-dairy","2008","kg","7242773591.726999"
"Livestock Manure","Brazil","Amount excreted in manure (N content)","Cattle, non-dairy","2009","kg","7328987795.205"
"Livestock Manure","Brazil","Amount excreted in manure (N content)","Cattle, non-dairy","2010","kg","7479017247.014999"
"Livestock Manure","Brazil","Amount excreted in manure (N content)","Cattle, non-dairy","2011","kg","7598042851.0859995"
"Livestock Manure","Brazil","Amount excreted in manure (N content)","Cattle, non-dairy","2012","kg","7553535138.351"
"Livestock Manure","Brazil","Amount excreted in manure (N content)","Cattle, non-dairy","2013","kg","7566928551.134999"
"Livestock Manure","Brazil","Amount excreted in manure (N content)","Cattle, non-dairy","2014","kg","7588106279.936999"
"Livestock Manure","Brazil","Amount excreted in manure (N content)","Cattle, non-dairy","2015","kg","7779330118.584"
"Livestock Manure","Brazil","Amount excreted in manure (N content)","Cattle, non-dairy","2016","kg","7956579989.025"
"Livestock Manure","Brazil","Amount excreted in manure (N content)","Cattle, non-dairy","2017","kg","7928820815.283"
"Livestock Manure","Brazil","Manure left on pasture (N content)","Cattle, non-dairy","2007","kg","7087352903.32608"
"Livestock Manure","Brazil","Manure left on pasture (N content)","Cattle, non-dairy","2008","kg","7170345855.80973"
"Livestock Manure","Brazil","Manure left on pasture (N content)","Cattle, non-dairy","2009","kg","7255697917.25295"
"Livestock Manure","Brazil","Manure left on pasture (N content)","Cattle, non-dairy","2010","kg","7404227074.544849"
"Livestock Manure","Brazil","Manure left on pasture (N content)","Cattle, non-dairy","2011","kg","7522062422.575139"
"Livestock Manure","Brazil","Manure left on pasture (N content)","Cattle, non-dairy","2012","kg","7477999786.96749"
"Livestock Manure","Brazil","Manure left on pasture (N content)","Cattle, non-dairy","2013","kg","7491259265.62365"
"Livestock Manure","Brazil","Manure left on pasture (N content)","Cattle, non-dairy","2014","kg","7512225217.1376295"
"Livestock Manure","Brazil","Manure left on pasture (N content)","Cattle, non-dairy","2015","kg","7701536817.39816"
"Livestock Manure","Brazil","Manure left on pasture (N content)","Cattle, non-dairy","2016","kg","7877014189.134749"
"Livestock Manure","Brazil","Manure left on pasture (N content)","Cattle, non-dairy","2017","kg","7849532607.13017"
"Livestock Manure","Brazil","Manure left on pasture that volatilises (N content)","Cattle, non-dairy","2007","kg","1417470580.6652162"
"Livestock Manure","Brazil","Manure left on pasture that volatilises (N content)","Cattle, non-dairy","2008","kg","1434069171.161946"
"Livestock Manure","Brazil","Manure left on pasture that volatilises (N content)","Cattle, non-dairy","2009","kg","1451139583.4505901"
"Livestock Manure","Brazil","Manure left on pasture that volatilises (N content)","Cattle, non-dairy","2010","kg","1480845414.9089699"
"Livestock Manure","Brazil","Manure left on pasture that volatilises (N content)","Cattle, non-dairy","2011","kg","1504412484.515028"
"Livestock Manure","Brazil","Manure left on pasture that volatilises (N content)","Cattle, non-dairy","2012","kg","1495599957.3934982"
"Livestock Manure","Brazil","Manure left on pasture that volatilises (N content)","Cattle, non-dairy","2013","kg","1498251853.12473"
"Livestock Manure","Brazil","Manure left on pasture that volatilises (N content)","Cattle, non-dairy","2014","kg","1502445043.427526"
"Livestock Manure","Brazil","Manure left on pasture that volatilises (N content)","Cattle, non-dairy","2015","kg","1540307363.4796321"
"Livestock Manure","Brazil","Manure left on pasture that volatilises (N content)","Cattle, non-dairy","2016","kg","1575402837.82695"
"Livestock Manure","Brazil","Manure left on pasture that volatilises (N content)","Cattle, non-dairy","2017","kg","1569906521.426034"
"Livestock Manure","Brazil","Manure left on pasture that leaches (N content)","Cattle, non-dairy","2007","kg","2126205870.997824"
"Livestock Manure","Brazil","Manure left on pasture that leaches (N content)","Cattle, non-dairy","2008","kg","2151103756.742919"
"Livestock Manure","Brazil","Manure left on pasture that leaches (N content)","Cattle, non-dairy","2009","kg","2176709375.1758847"
"Livestock Manure","Brazil","Manure left on pasture that leaches (N content)","Cattle, non-dairy","2010","kg","2221268122.363455"
"Livestock Manure","Brazil","Manure left on pasture that leaches (N content)","Cattle, non-dairy","2011","kg","2256618726.7725415"
"Livestock Manure","Brazil","Manure left on pasture that leaches (N content)","Cattle, non-dairy","2012","kg","2243399936.090247"
"Livestock Manure","Brazil","Manure left on pasture that leaches (N content)","Cattle, non-dairy","2013","kg","2247377779.6870947"
"Livestock Manure","Brazil","Manure left on pasture that leaches (N content)","Cattle, non-dairy","2014","kg","2253667565.1412888"
"Livestock Manure","Brazil","Manure left on pasture that leaches (N content)","Cattle, non-dairy","2015","kg","2310461045.219448"
"Livestock Manure","Brazil","Manure left on pasture that leaches (N content)","Cattle, non-dairy","2016","kg","2363104256.7404246"
"Livestock Manure","Brazil","Manure left on pasture that leaches (N content)","Cattle, non-dairy","2017","kg","2354859782.139051"
"Livestock Manure","Brazil","Manure treated (N content)","Cattle, non-dairy","2007","kg","71589423.26592"
"Livestock Manure","Brazil","Manure treated (N content)","Cattle, non-dairy","2008","kg","72427735.91726999"
"Livestock Manure","Brazil","Manure treated (N content)","Cattle, non-dairy","2009","kg","73289877.95205"
"Livestock Manure","Brazil","Manure treated (N content)","Cattle, non-dairy","2010","kg","74790172.47015"
"Livestock Manure","Brazil","Manure treated (N content)","Cattle, non-dairy","2011","kg","75980428.51086"
"Livestock Manure","Brazil","Manure treated (N content)","Cattle, non-dairy","2012","kg","75535351.38351"
"Livestock Manure","Brazil","Manure treated (N content)","Cattle, non-dairy","2013","kg","75669285.51134999"
"Livestock Manure","Brazil","Manure treated (N content)","Cattle, non-dairy","2014","kg","75881062.79936999"
"Livestock Manure","Brazil","Manure treated (N content)","Cattle, non-dairy","2015","kg","77793301.18584"
"Livestock Manure","Brazil","Manure treated (N content)","Cattle, non-dairy","2016","kg","79565799.89025"
"Livestock Manure","Brazil","Manure treated (N content)","Cattle, non-dairy","2017","kg","79288208.15283"
"Livestock Manure","Brazil","Losses from manure treated (N content)","Cattle, non-dairy","2007","kg","0"
"Livestock Manure","Brazil","Losses from manure treated (N content)","Cattle, non-dairy","2008","kg","0"
"Livestock Manure","Brazil","Losses from manure treated (N content)","Cattle, non-dairy","2009","kg","0"
"Livestock Manure","Brazil","Losses from manure treated (N content)","Cattle, non-dairy","2010","kg","0"
"Livestock Manure","Brazil","Losses from manure treated (N content)","Cattle, non-dairy","2011","kg","0"
"Livestock Manure","Brazil","Losses from manure treated (N content)","Cattle, non-dairy","2012","kg","0"
"Livestock Manure","Brazil","Losses from manure treated (N content)","Cattle, non-dairy","2013","kg","0"
"Livestock Manure","Brazil","Losses from manure treated (N content)","Cattle, non-dairy","2014","kg","0"
"Livestock Manure","Brazil","Losses from manure treated (N content)","Cattle, non-dairy","2015","kg","0"
"Livestock Manure","Brazil","Losses from manure treated (N content)","Cattle, non-dairy","2016","kg","0"
"Livestock Manure","Brazil","Losses from manure treated (N content)","Cattle, non-dairy","2017","kg","0"
"Livestock Manure","Brazil","Manure applied to soils (N content)","Cattle, non-dairy","2007","kg","71589423.26592"
"Livestock Manure","Brazil","Manure applied to soils (N content)","Cattle, non-dairy","2008","kg","72427735.91726999"
"Livestock Manure","Brazil","Manure applied to soils (N content)","Cattle, non-dairy","2009","kg","73289877.95205"
"Livestock Manure","Brazil","Manure applied to soils (N content)","Cattle, non-dairy","2010","kg","74790172.47015"
"Livestock Manure","Brazil","Manure applied to soils (N content)","Cattle, non-dairy","2011","kg","75980428.51086"
"Livestock Manure","Brazil","Manure applied to soils (N content)","Cattle, non-dairy","2012","kg","75535351.38351"
"Livestock Manure","Brazil","Manure applied to soils (N content)","Cattle, non-dairy","2013","kg","75669285.51134999"
"Livestock Manure","Brazil","Manure applied to soils (N content)","Cattle, non-dairy","2014","kg","75881062.79936999"
"Livestock Manure","Brazil","Manure applied to soils (N content)","Cattle, non-dairy","2015","kg","77793301.18584"
"Livestock Manure","Brazil","Manure applied to soils (N content)","Cattle, non-dairy","2016","kg","79565799.89025"
"Livestock Manure","Brazil","Manure applied to soils (N content)","Cattle, non-dairy","2017","kg","79288208.15283"
"Livestock Manure","Brazil","Manure applied to soils that volatilises (N content)","Cattle, non-dairy","2007","kg","14317884.653184"
"Livestock Manure","Brazil","Manure applied to soils that volatilises (N content)","Cattle, non-dairy","2008","kg","14485547.183454"
"Livestock Manure","Brazil","Manure applied to soils that volatilises (N content)","Cattle, non-dairy","2009","kg","14657975.590410002"
"Livestock Manure","Brazil","Manure applied to soils that volatilises (N content)","Cattle, non-dairy","2010","kg","14958034.494029999"
"Livestock Manure","Brazil","Manure applied to soils that volatilises (N content)","Cattle, non-dairy","2011","kg","15196085.702172"
"Livestock Manure","Brazil","Manure applied to soils that volatilises (N content)","Cattle, non-dairy","2012","kg","15107070.276702"
"Livestock Manure","Brazil","Manure applied to soils that volatilises (N content)","Cattle, non-dairy","2013","kg","15133857.10227"
"Livestock Manure","Brazil","Manure applied to soils that volatilises (N content)","Cattle, non-dairy","2014","kg","15176212.559873998"
"Livestock Manure","Brazil","Manure applied to soils that volatilises (N content)","Cattle, non-dairy","2015","kg","15558660.237168"
"Livestock Manure","Brazil","Manure applied to soils that volatilises (N content)","Cattle, non-dairy","2016","kg","15913159.978050001"
"Livestock Manure","Brazil","Manure applied to soils that volatilises (N content)","Cattle, non-dairy","2017","kg","15857641.630566001"
"Livestock Manure","Brazil","Manure applied to soils that leaches (N content)","Cattle, non-dairy","2007","kg","21476826.979776"
"Livestock Manure","Brazil","Manure applied to soils that leaches (N content)","Cattle, non-dairy","2008","kg","21728320.775180995"
"Livestock Manure","Brazil","Manure applied to soils that leaches (N content)","Cattle, non-dairy","2009","kg","21986963.385615"
"Livestock Manure","Brazil","Manure applied to soils that leaches (N content)","Cattle, non-dairy","2010","kg","22437051.741045"
"Livestock Manure","Brazil","Manure applied to soils that leaches (N content)","Cattle, non-dairy","2011","kg","22794128.553257998"
"Livestock Manure","Brazil","Manure applied to soils that leaches (N content)","Cattle, non-dairy","2012","kg","22660605.415053"
"Livestock Manure","Brazil","Manure applied to soils that leaches (N content)","Cattle, non-dairy","2013","kg","22700785.653404996"
"Livestock Manure","Brazil","Manure applied to soils that leaches (N content)","Cattle, non-dairy","2014","kg","22764318.839810997"
"Livestock Manure","Brazil","Manure applied to soils that leaches (N content)","Cattle, non-dairy","2015","kg","23337990.355752"
"Livestock Manure","Brazil","Manure applied to soils that leaches (N content)","Cattle, non-dairy","2016","kg","23869739.967074998"
"Livestock Manure","Brazil","Manure applied to soils that leaches (N content)","Cattle, non-dairy","2017","kg","23786462.445849"
"Livestock Manure","Brazil","Stocks","Chickens, broilers","2007","Head","867658000"
"Livestock Manure","Brazil","Stocks","Chickens, broilers","2008","Head","938704000"
"Livestock Manure","Brazil","Stocks","Chickens, broilers","2009","Head","954087000"
"Livestock Manure","Brazil","Stocks","Chickens, broilers","2010","Head","953913000"
"Livestock Manure","Brazil","Stocks","Chickens, broilers","2011","Head","978209000"
"Livestock Manure","Brazil","Stocks","Chickens, broilers","2012","Head","945269000"
"Livestock Manure","Brazil","Stocks","Chickens, broilers","2013","Head","936638000"
"Livestock Manure","Brazil","Stocks","Chickens, broilers","2014","Head","1000749000"
"Livestock Manure","Brazil","Stocks","Chickens, broilers","2015","Head","1011673292"
"Livestock Manure","Brazil","Stocks","Chickens, broilers","2016","Head","1025749079"
"Livestock Manure","Brazil","Stocks","Chickens, broilers","2017","Head","1086700000"
"Livestock Manure","Brazil","Amount excreted in manure (N content)","Chickens, broilers","2007","kg","313528218.3"
"Livestock Manure","Brazil","Amount excreted in manure (N content)","Chickens, broilers","2008","kg","339200690.4"
"Livestock Manure","Brazil","Amount excreted in manure (N content)","Chickens, broilers","2009","kg","344759337.45"
"Livestock Manure","Brazil","Amount excreted in manure (N content)","Chickens, broilers","2010","kg","344696462.55"
"Livestock Manure","Brazil","Amount excreted in manure (N content)","Chickens, broilers","2011","kg","353475822.15"
"Livestock Manure","Brazil","Amount excreted in manure (N content)","Chickens, broilers","2012","kg","341572953.15"
"Livestock Manure","Brazil","Amount excreted in manure (N content)","Chickens, broilers","2013","kg","338454141.3"
"Livestock Manure","Brazil","Amount excreted in manure (N content)","Chickens, broilers","2014","kg","361620651.15"
"Livestock Manure","Brazil","Amount excreted in manure (N content)","Chickens, broilers","2015","kg","365568144.0642"
"Livestock Manure","Brazil","Amount excreted in manure (N content)","Chickens, broilers","2016","kg","370654429.69665"
"Livestock Manure","Brazil","Amount excreted in manure (N content)","Chickens, broilers","2017","kg","392679045"
"Livestock Manure","Brazil","Manure left on pasture (N content)","Chickens, broilers","2007","kg","131681851.686"
"Livestock Manure","Brazil","Manure left on pasture (N content)","Chickens, broilers","2008","kg","142464289.968"
"Livestock Manure","Brazil","Manure left on pasture (N content)","Chickens, broilers","2009","kg","144798921.729"
"Livestock Manure","Brazil","Manure left on pasture (N content)","Chickens, broilers","2010","kg","144772514.271"
"Livestock Manure","Brazil","Manure left on pasture (N content)","Chickens, broilers","2011","kg","148459845.30299997"
"Livestock Manure","Brazil","Manure left on pasture (N content)","Chickens, broilers","2012","kg","143460640.32299998"
"Livestock Manure","Brazil","Manure left on pasture (N content)","Chickens, broilers","2013","kg","142150739.346"
"Livestock Manure","Brazil","Manure left on pasture (N content)","Chickens, broilers","2014","kg","151880673.48299998"
"Livestock Manure","Brazil","Manure left on pasture (N content)","Chickens, broilers","2015","kg","153538620.506964"
"Livestock Manure","Brazil","Manure left on pasture (N content)","Chickens, broilers","2016","kg","155674860.472593"
"Livestock Manure","Brazil","Manure left on pasture (N content)","Chickens, broilers","2017","kg","164925198.9"
"Livestock Manure","Brazil","Manure left on pasture that volatilises (N content)","Chickens, broilers","2007","kg","26336370.3372"
"Livestock Manure","Brazil","Manure left on pasture that volatilises (N content)","Chickens, broilers","2008","kg","28492857.9936"
"Livestock Manure","Brazil","Manure left on pasture that volatilises (N content)","Chickens, broilers","2009","kg","28959784.3458"
"Livestock Manure","Brazil","Manure left on pasture that volatilises (N content)","Chickens, broilers","2010","kg","28954502.8542"
"Livestock Manure","Brazil","Manure left on pasture that volatilises (N content)","Chickens, broilers","2011","kg","29691969.060599998"
"Livestock Manure","Brazil","Manure left on pasture that volatilises (N content)","Chickens, broilers","2012","kg","28692128.0646"
"Livestock Manure","Brazil","Manure left on pasture that volatilises (N content)","Chickens, broilers","2013","kg","28430147.8692"
"Livestock Manure","Brazil","Manure left on pasture that volatilises (N content)","Chickens, broilers","2014","kg","30376134.696599998"
"Livestock Manure","Brazil","Manure left on pasture that volatilises (N content)","Chickens, broilers","2015","kg","30707724.1013928"
"Livestock Manure","Brazil","Manure left on pasture that volatilises (N content)","Chickens, broilers","2016","kg","31134972.094518602"
"Livestock Manure","Brazil","Manure left on pasture that volatilises (N content)","Chickens, broilers","2017","kg","32985039.78"
"Livestock Manure","Brazil","Manure left on pasture that leaches (N content)","Chickens, broilers","2007","kg","39504555.5058"
"Livestock Manure","Brazil","Manure left on pasture that leaches (N content)","Chickens, broilers","2008","kg","42739286.990399994"
"Livestock Manure","Brazil","Manure left on pasture that leaches (N content)","Chickens, broilers","2009","kg","43439676.518699996"
"Livestock Manure","Brazil","Manure left on pasture that leaches (N content)","Chickens, broilers","2010","kg","43431754.2813"
"Livestock Manure","Brazil","Manure left on pasture that leaches (N content)","Chickens, broilers","2011","kg","44537953.59089999"
"Livestock Manure","Brazil","Manure left on pasture that leaches (N content)","Chickens, broilers","2012","kg","43038192.09689999"
"Livestock Manure","Brazil","Manure left on pasture that leaches (N content)","Chickens, broilers","2013","kg","42645221.803799994"
"Livestock Manure","Brazil","Manure left on pasture that leaches (N content)","Chickens, broilers","2014","kg","45564202.04489999"
"Livestock Manure","Brazil","Manure left on pasture that leaches (N content)","Chickens, broilers","2015","kg","46061586.1520892"
"Livestock Manure","Brazil","Manure left on pasture that leaches (N content)","Chickens, broilers","2016","kg","46702458.1417779"
"Livestock Manure","Brazil","Manure left on pasture that leaches (N content)","Chickens, broilers","2017","kg","49477559.67"
"Livestock Manure","Brazil","Manure treated (N content)","Chickens, broilers","2007","kg","181846366.61400002"
"Livestock Manure","Brazil","Manure treated (N content)","Chickens, broilers","2008","kg","196736400.43199998"
"Livestock Manure","Brazil","Manure treated (N content)","Chickens, broilers","2009","kg","199960415.721"
"Livestock Manure","Brazil","Manure treated (N content)","Chickens, broilers","2010","kg","199923948.279"
"Livestock Manure","Brazil","Manure treated (N content)","Chickens, broilers","2011","kg","205015976.84699997"
"Livestock Manure","Brazil","Manure treated (N content)","Chickens, broilers","2012","kg","198112312.82699996"
"Livestock Manure","Brazil","Manure treated (N content)","Chickens, broilers","2013","kg","196303401.954"
"Livestock Manure","Brazil","Manure treated (N content)","Chickens, broilers","2014","kg","209739977.667"
"Livestock Manure","Brazil","Manure treated (N content)","Chickens, broilers","2015","kg","212029523.557236"
"Livestock Manure","Brazil","Manure treated (N content)","Chickens, broilers","2016","kg","214979569.22405702"
"Livestock Manure","Brazil","Manure treated (N content)","Chickens, broilers","2017","kg","227753846.09999996"
"Livestock Manure","Brazil","Losses from manure treated (N content)","Chickens, broilers","2007","kg","0"
"Livestock Manure","Brazil","Losses from manure treated (N content)","Chickens, broilers","2008","kg","0"
"Livestock Manure","Brazil","Losses from manure treated (N content)","Chickens, broilers","2009","kg","0"
"Livestock Manure","Brazil","Losses from manure treated (N content)","Chickens, broilers","2010","kg","0"
"Livestock Manure","Brazil","Losses from manure treated (N content)","Chickens, broilers","2011","kg","0"
"Livestock Manure","Brazil","Losses from manure treated (N content)","Chickens, broilers","2012","kg","0"
"Livestock Manure","Brazil","Losses from manure treated (N content)","Chickens, broilers","2013","kg","0"
"Livestock Manure","Brazil","Losses from manure treated (N content)","Chickens, broilers","2014","kg","0"
"Livestock Manure","Brazil","Losses from manure treated (N content)","Chickens, broilers","2015","kg","0"
"Livestock Manure","Brazil","Losses from manure treated (N content)","Chickens, broilers","2016","kg","0"
"Livestock Manure","Brazil","Losses from manure treated (N content)","Chickens, broilers","2017","kg","0"
"Livestock Manure","Brazil","Manure applied to soils (N content)","Chickens, broilers","2007","kg","181846366.61400002"
"Livestock Manure","Brazil","Manure applied to soils (N content)","Chickens, broilers","2008","kg","196736400.43199998"
"Livestock Manure","Brazil","Manure applied to soils (N content)","Chickens, broilers","2009","kg","199960415.721"
"Livestock Manure","Brazil","Manure applied to soils (N content)","Chickens, broilers","2010","kg","199923948.279"
"Livestock Manure","Brazil","Manure applied to soils (N content)","Chickens, broilers","2011","kg","205015976.84699997"
"Livestock Manure","Brazil","Manure applied to soils (N content)","Chickens, broilers","2012","kg","198112312.82699996"
"Livestock Manure","Brazil","Manure applied to soils (N content)","Chickens, broilers","2013","kg","196303401.954"
"Livestock Manure","Brazil","Manure applied to soils (N content)","Chickens, broilers","2014","kg","209739977.667"
"Livestock Manure","Brazil","Manure applied to soils (N content)","Chickens, broilers","2015","kg","212029523.557236"
"Livestock Manure","Brazil","Manure applied to soils (N content)","Chickens, broilers","2016","kg","214979569.22405702"
"Livestock Manure","Brazil","Manure applied to soils (N content)","Chickens, broilers","2017","kg","227753846.09999996"
"Livestock Manure","Brazil","Manure applied to soils that volatilises (N content)","Chickens, broilers","2007","kg","36369273.3228"
"Livestock Manure","Brazil","Manure applied to soils that volatilises (N content)","Chickens, broilers","2008","kg","39347280.086399995"
"Livestock Manure","Brazil","Manure applied to soils that volatilises (N content)","Chickens, broilers","2009","kg","39992083.1442"
"Livestock Manure","Brazil","Manure applied to soils that volatilises (N content)","Chickens, broilers","2010","kg","39984789.65580001"
"Livestock Manure","Brazil","Manure applied to soils that volatilises (N content)","Chickens, broilers","2011","kg","41003195.369399995"
"Livestock Manure","Brazil","Manure applied to soils that volatilises (N content)","Chickens, broilers","2012","kg","39622462.5654"
"Livestock Manure","Brazil","Manure applied to soils that volatilises (N content)","Chickens, broilers","2013","kg","39260680.3908"
"Livestock Manure","Brazil","Manure applied to soils that volatilises (N content)","Chickens, broilers","2014","kg","41947995.5334"
"Livestock Manure","Brazil","Manure applied to soils that volatilises (N content)","Chickens, broilers","2015","kg","42405904.7114472"
"Livestock Manure","Brazil","Manure applied to soils that volatilises (N content)","Chickens, broilers","2016","kg","42995913.84481141"
"Livestock Manure","Brazil","Manure applied to soils that volatilises (N content)","Chickens, broilers","2017","kg","45550769.22"
"Livestock Manure","Brazil","Manure applied to soils that leaches (N content)","Chickens, broilers","2007","kg","54553909.98420001"
"Livestock Manure","Brazil","Manure applied to soils that leaches (N content)","Chickens, broilers","2008","kg","59020920.129599996"
"Livestock Manure","Brazil","Manure applied to soils that leaches (N content)","Chickens, broilers","2009","kg","59988124.716299996"
"Livestock Manure","Brazil","Manure applied to soils that leaches (N content)","Chickens, broilers","2010","kg","59977184.4837"
"Livestock Manure","Brazil","Manure applied to soils that leaches (N content)","Chickens, broilers","2011","kg","61504793.05409999"
"Livestock Manure","Brazil","Manure applied to soils that leaches (N content)","Chickens, broilers","2012","kg","59433693.848099984"
"Livestock Manure","Brazil","Manure applied to soils that leaches (N content)","Chickens, broilers","2013","kg","58891020.5862"
"Livestock Manure","Brazil","Manure applied to soils that leaches (N content)","Chickens, broilers","2014","kg","62921993.3001"
"Livestock Manure","Brazil","Manure applied to soils that leaches (N content)","Chickens, broilers","2015","kg","63608857.06717079"
"Livestock Manure","Brazil","Manure applied to soils that leaches (N content)","Chickens, broilers","2016","kg","64493870.7672171"
"Livestock Manure","Brazil","Manure applied to soils that leaches (N content)","Chickens, broilers","2017","kg","68326153.82999998"
"Livestock Manure","Brazil","Stocks","Chickens, layers","2007","Head","260000000"
"Livestock Manure","Brazil","Stocks","Chickens, layers","2008","Head","260000000"
"Livestock Manure","Brazil","Stocks","Chickens, layers","2009","Head","276000000"
"Livestock Manure","Brazil","Stocks","Chickens, layers","2010","Head","285000000"
"Livestock Manure","Brazil","Stocks","Chickens, layers","2011","Head","290000000"
"Livestock Manure","Brazil","Stocks","Chickens, layers","2012","Head","300000000"
"Livestock Manure","Brazil","Stocks","Chickens, layers","2013","Head","310000000"
"Livestock Manure","Brazil","Stocks","Chickens, layers","2014","Head","320000000"
"Livestock Manure","Brazil","Stocks","Chickens, layers","2015","Head","314779708"
"Livestock Manure","Brazil","Stocks","Chickens, layers","2016","Head","319655921"
"Livestock Manure","Brazil","Stocks","Chickens, layers","2017","Head","339000000"
"Livestock Manure","Brazil","Amount excreted in manure (N content)","Chickens, layers","2007","kg","140072400"
"Livestock Manure","Brazil","Amount excreted in manure (N content)","Chickens, layers","2008","kg","140072400"
"Livestock Manure","Brazil","Amount excreted in manure (N content)","Chickens, layers","2009","kg","148692240"
"Livestock Manure","Brazil","Amount excreted in manure (N content)","Chickens, layers","2010","kg","153540900"
"Livestock Manure","Brazil","Amount excreted in manure (N content)","Chickens, layers","2011","kg","156234600"
"Livestock Manure","Brazil","Amount excreted in manure (N content)","Chickens, layers","2012","kg","161622000"
"Livestock Manure","Brazil","Amount excreted in manure (N content)","Chickens, layers","2013","kg","167009400"
"Livestock Manure","Brazil","Amount excreted in manure (N content)","Chickens, layers","2014","kg","172396800"
"Livestock Manure","Brazil","Amount excreted in manure (N content)","Chickens, layers","2015","kg","169584419.88792"
"Livestock Manure","Brazil","Amount excreted in manure (N content)","Chickens, layers","2016","kg","172211430.87954"
"Livestock Manure","Brazil","Amount excreted in manure (N content)","Chickens, layers","2017","kg","182632860"
"Livestock Manure","Brazil","Manure left on pasture (N content)","Chickens, layers","2007","kg","58830408"
"Livestock Manure","Brazil","Manure left on pasture (N content)","Chickens, layers","2008","kg","58830408"
"Livestock Manure","Brazil","Manure left on pasture (N content)","Chickens, layers","2009","kg","62450740.8"
"Livestock Manure","Brazil","Manure left on pasture (N content)","Chickens, layers","2010","kg","64487178"
"Livestock Manure","Brazil","Manure left on pasture (N content)","Chickens, layers","2011","kg","65618532"
"Livestock Manure","Brazil","Manure left on pasture (N content)","Chickens, layers","2012","kg","67881240"
"Livestock Manure","Brazil","Manure left on pasture (N content)","Chickens, layers","2013","kg","70143948"
"Livestock Manure","Brazil","Manure left on pasture (N content)","Chickens, layers","2014","kg","72406656"
"Livestock Manure","Brazil","Manure left on pasture (N content)","Chickens, layers","2015","kg","71225456.35292639"
"Livestock Manure","Brazil","Manure left on pasture (N content)","Chickens, layers","2016","kg","72328800.9694068"
"Livestock Manure","Brazil","Manure left on pasture (N content)","Chickens, layers","2017","kg","76705801.2"
"Livestock Manure","Brazil","Manure left on pasture that volatilises (N content)","Chickens, layers","2007","kg","11766081.600000001"
"Livestock Manure","Brazil","Manure left on pasture that volatilises (N content)","Chickens, layers","2008","kg","11766081.600000001"
"Livestock Manure","Brazil","Manure left on pasture that volatilises (N content)","Chickens, layers","2009","kg","12490148.16"
"Livestock Manure","Brazil","Manure left on pasture that volatilises (N content)","Chickens, layers","2010","kg","12897435.600000001"
"Livestock Manure","Brazil","Manure left on pasture that volatilises (N content)","Chickens, layers","2011","kg","13123706.4"
"Livestock Manure","Brazil","Manure left on pasture that volatilises (N content)","Chickens, layers","2012","kg","13576248"
"Livestock Manure","Brazil","Manure left on pasture that volatilises (N content)","Chickens, layers","2013","kg","14028789.600000001"
"Livestock Manure","Brazil","Manure left on pasture that volatilises (N content)","Chickens, layers","2014","kg","14481331.200000001"
"Livestock Manure","Brazil","Manure left on pasture that volatilises (N content)","Chickens, layers","2015","kg","14245091.270585278"
"Livestock Manure","Brazil","Manure left on pasture that volatilises (N content)","Chickens, layers","2016","kg","14465760.19388136"
"Livestock Manure","Brazil","Manure left on pasture that volatilises (N content)","Chickens, layers","2017","kg","15341160.240000002"
"Livestock Manure","Brazil","Manure left on pasture that leaches (N content)","Chickens, layers","2007","kg","17649122.4"
"Livestock Manure","Brazil","Manure left on pasture that leaches (N content)","Chickens, layers","2008","kg","17649122.4"
"Livestock Manure","Brazil","Manure left on pasture that leaches (N content)","Chickens, layers","2009","kg","18735222.24"
"Livestock Manure","Brazil","Manure left on pasture that leaches (N content)","Chickens, layers","2010","kg","19346153.4"
"Livestock Manure","Brazil","Manure left on pasture that leaches (N content)","Chickens, layers","2011","kg","19685559.599999998"
"Livestock Manure","Brazil","Manure left on pasture that leaches (N content)","Chickens, layers","2012","kg","20364372"
"Livestock Manure","Brazil","Manure left on pasture that leaches (N content)","Chickens, layers","2013","kg","21043184.4"
"Livestock Manure","Brazil","Manure left on pasture that leaches (N content)","Chickens, layers","2014","kg","21721996.8"
"Livestock Manure","Brazil","Manure left on pasture that leaches (N content)","Chickens, layers","2015","kg","21367636.905877914"
"Livestock Manure","Brazil","Manure left on pasture that leaches (N content)","Chickens, layers","2016","kg","21698640.29082204"
"Livestock Manure","Brazil","Manure left on pasture that leaches (N content)","Chickens, layers","2017","kg","23011740.36"
"Livestock Manure","Brazil","Manure treated (N content)","Chickens, layers","2007","kg","81241992"
"Livestock Manure","Brazil","Manure treated (N content)","Chickens, layers","2008","kg","81241992"
"Livestock Manure","Brazil","Manure treated (N content)","Chickens, layers","2009","kg","86241499.19999999"
"Livestock Manure","Brazil","Manure treated (N content)","Chickens, layers","2010","kg","89053722"
"Livestock Manure","Brazil","Manure treated (N content)","Chickens, layers","2011","kg","90616068"
"Livestock Manure","Brazil","Manure treated (N content)","Chickens, layers","2012","kg","93740760"
"Livestock Manure","Brazil","Manure treated (N content)","Chickens, layers","2013","kg","96865452"
"Livestock Manure","Brazil","Manure treated (N content)","Chickens, layers","2014","kg","99990144"
"Livestock Manure","Brazil","Manure treated (N content)","Chickens, layers","2015","kg","98358963.5349936"
"Livestock Manure","Brazil","Manure treated (N content)","Chickens, layers","2016","kg","99882629.91013318"
"Livestock Manure","Brazil","Manure treated (N content)","Chickens, layers","2017","kg","105927058.79999998"
"Livestock Manure","Brazil","Losses from manure treated (N content)","Chickens, layers","2007","kg","0"
"Livestock Manure","Brazil","Losses from manure treated (N content)","Chickens, layers","2008","kg","0"
"Livestock Manure","Brazil","Losses from manure treated (N content)","Chickens, layers","2009","kg","0"
"Livestock Manure","Brazil","Losses from manure treated (N content)","Chickens, layers","2010","kg","0"
"Livestock Manure","Brazil","Losses from manure treated (N content)","Chickens, layers","2011","kg","0"
"Livestock Manure","Brazil","Losses from manure treated (N content)","Chickens, layers","2012","kg","0"
"Livestock Manure","Brazil","Losses from manure treated (N content)","Chickens, layers","2013","kg","0"
"Livestock Manure","Brazil","Losses from manure treated (N content)","Chickens, layers","2014","kg","0"
"Livestock Manure","Brazil","Losses from manure treated (N content)","Chickens, layers","2015","kg","0"
"Livestock Manure","Brazil","Losses from manure treated (N content)","Chickens, layers","2016","kg","0"
"Livestock Manure","Brazil","Losses from manure treated (N content)","Chickens, layers","2017","kg","0"
"Livestock Manure","Brazil","Manure applied to soils (N content)","Chickens, layers","2007","kg","81241992"
"Livestock Manure","Brazil","Manure applied to soils (N content)","Chickens, layers","2008","kg","81241992"
"Livestock Manure","Brazil","Manure applied to soils (N content)","Chickens, layers","2009","kg","86241499.19999999"
"Livestock Manure","Brazil","Manure applied to soils (N content)","Chickens, layers","2010","kg","89053722"
"Livestock Manure","Brazil","Manure applied to soils (N content)","Chickens, layers","2011","kg","90616068"
"Livestock Manure","Brazil","Manure applied to soils (N content)","Chickens, layers","2012","kg","93740760"
"Livestock Manure","Brazil","Manure applied to soils (N content)","Chickens, layers","2013","kg","96865452"
"Livestock Manure","Brazil","Manure applied to soils (N content)","Chickens, layers","2014","kg","99990144"
"Livestock Manure","Brazil","Manure applied to soils (N content)","Chickens, layers","2015","kg","98358963.5349936"
"Livestock Manure","Brazil","Manure applied to soils (N content)","Chickens, layers","2016","kg","99882629.91013318"
"Livestock Manure","Brazil","Manure applied to soils (N content)","Chickens, layers","2017","kg","105927058.79999998"
"Livestock Manure","Brazil","Manure applied to soils that volatilises (N content)","Chickens, layers","2007","kg","16248398.4"
"Livestock Manure","Brazil","Manure applied to soils that volatilises (N content)","Chickens, layers","2008","kg","16248398.4"
"Livestock Manure","Brazil","Manure applied to soils that volatilises (N content)","Chickens, layers","2009","kg","17248299.84"
"Livestock Manure","Brazil","Manure applied to soils that volatilises (N content)","Chickens, layers","2010","kg","17810744.400000002"
"Livestock Manure","Brazil","Manure applied to soils that volatilises (N content)","Chickens, layers","2011","kg","18123213.6"
"Livestock Manure","Brazil","Manure applied to soils that volatilises (N content)","Chickens, layers","2012","kg","18748152"
"Livestock Manure","Brazil","Manure applied to soils that volatilises (N content)","Chickens, layers","2013","kg","19373090.400000002"
"Livestock Manure","Brazil","Manure applied to soils that volatilises (N content)","Chickens, layers","2014","kg","19998028.8"
"Livestock Manure","Brazil","Manure applied to soils that volatilises (N content)","Chickens, layers","2015","kg","19671792.70699872"
"Livestock Manure","Brazil","Manure applied to soils that volatilises (N content)","Chickens, layers","2016","kg","19976525.982026637"
"Livestock Manure","Brazil","Manure applied to soils that volatilises (N content)","Chickens, layers","2017","kg","21185411.759999998"
"Livestock Manure","Brazil","Manure applied to soils that leaches (N content)","Chickens, layers","2007","kg","24372597.599999998"
"Livestock Manure","Brazil","Manure applied to soils that leaches (N content)","Chickens, layers","2008","kg","24372597.599999998"
"Livestock Manure","Brazil","Manure applied to soils that leaches (N content)","Chickens, layers","2009","kg","25872449.759999994"
"Livestock Manure","Brazil","Manure applied to soils that leaches (N content)","Chickens, layers","2010","kg","26716116.599999998"
"Livestock Manure","Brazil","Manure applied to soils that leaches (N content)","Chickens, layers","2011","kg","27184820.4"
"Livestock Manure","Brazil","Manure applied to soils that leaches (N content)","Chickens, layers","2012","kg","28122228"
"Livestock Manure","Brazil","Manure applied to soils that leaches (N content)","Chickens, layers","2013","kg","29059635.599999998"
"Livestock Manure","Brazil","Manure applied to soils that leaches (N content)","Chickens, layers","2014","kg","29997043.2"
"Livestock Manure","Brazil","Manure applied to soils that leaches (N content)","Chickens, layers","2015","kg","29507689.06049808"
"Livestock Manure","Brazil","Manure applied to soils that leaches (N content)","Chickens, layers","2016","kg","29964788.973039955"
"Livestock Manure","Brazil","Manure applied to soils that leaches (N content)","Chickens, layers","2017","kg","31778117.639999993"
"Livestock Manure","Brazil","Stocks","Swine, breeding","2007","Head","3594502"
"Livestock Manure","Brazil","Stocks","Swine, breeding","2008","Head","3681902"
"Livestock Manure","Brazil","Stocks","Swine, breeding","2009","Head","3804546"
"Livestock Manure","Brazil","Stocks","Swine, breeding","2010","Head","3895676"
"Livestock Manure","Brazil","Stocks","Swine, breeding","2011","Head","3930734"
"Livestock Manure","Brazil","Stocks","Swine, breeding","2012","Head","3879590"
"Livestock Manure","Brazil","Stocks","Swine, breeding","2013","Head","3674359"
"Livestock Manure","Brazil","Stocks","Swine, breeding","2014","Head","3793031"
"Livestock Manure","Brazil","Stocks","Swine, breeding","2015","Head","3979522"
"Livestock Manure","Brazil","Stocks","Swine, breeding","2016","Head","3989307"
"Livestock Manure","Brazil","Stocks","Swine, breeding","2017","Head","4109946"
"Livestock Manure","Brazil","Amount excreted in manure (N content)","Swine, breeding","2007","kg","20204695.742000002"
"Livestock Manure","Brazil","Amount excreted in manure (N content)","Swine, breeding","2008","kg","20695971.142"
"Livestock Manure","Brazil","Amount excreted in manure (N content)","Swine, breeding","2009","kg","21385353.066000003"
"Livestock Manure","Brazil","Amount excreted in manure (N content)","Swine, breeding","2010","kg","21897594.796"
"Livestock Manure","Brazil","Amount excreted in manure (N content)","Swine, breeding","2011","kg","22094655.814000003"
"Livestock Manure","Brazil","Amount excreted in manure (N content)","Swine, breeding","2012","kg","21807175.39"
"Livestock Manure","Brazil","Amount excreted in manure (N content)","Swine, breeding","2013","kg","20653571.939000003"
"Livestock Manure","Brazil","Amount excreted in manure (N content)","Swine, breeding","2014","kg","21320627.251000002"
"Livestock Manure","Brazil","Amount excreted in manure (N content)","Swine, breeding","2015","kg","22368893.162"
"Livestock Manure","Brazil","Amount excreted in manure (N content)","Swine, breeding","2016","kg","22423894.647000004"
"Livestock Manure","Brazil","Amount excreted in manure (N content)","Swine, breeding","2017","kg","23102006.466000002"
"Livestock Manure","Brazil","Manure left on pasture (N content)","Swine, breeding","2007","kg","0"
"Livestock Manure","Brazil","Manure left on pasture (N content)","Swine, breeding","2008","kg","0"
"Livestock Manure","Brazil","Manure left on pasture (N content)","Swine, breeding","2009","kg","0"
"Livestock Manure","Brazil","Manure left on pasture (N content)","Swine, breeding","2010","kg","0"
"Livestock Manure","Brazil","Manure left on pasture (N content)","Swine, breeding","2011","kg","0"
"Livestock Manure","Brazil","Manure left on pasture (N content)","Swine, breeding","2012","kg","0"
"Livestock Manure","Brazil","Manure left on pasture (N content)","Swine, breeding","2013","kg","0"
"Livestock Manure","Brazil","Manure left on pasture (N content)","Swine, breeding","2014","kg","0"
"Livestock Manure","Brazil","Manure left on pasture (N content)","Swine, breeding","2015","kg","0"
"Livestock Manure","Brazil","Manure left on pasture (N content)","Swine, breeding","2016","kg","0"
"Livestock Manure","Brazil","Manure left on pasture (N content)","Swine, breeding","2017","kg","0"
"Livestock Manure","Brazil","Manure left on pasture that volatilises (N content)","Swine, breeding","2007","kg","0"
"Livestock Manure","Brazil","Manure left on pasture that volatilises (N content)","Swine, breeding","2008","kg","0"
"Livestock Manure","Brazil","Manure left on pasture that volatilises (N content)","Swine, breeding","2009","kg","0"
"Livestock Manure","Brazil","Manure left on pasture that volatilises (N content)","Swine, breeding","2010","kg","0"
"Livestock Manure","Brazil","Manure left on pasture that volatilises (N content)","Swine, breeding","2011","kg","0"
"Livestock Manure","Brazil","Manure left on pasture that volatilises (N content)","Swine, breeding","2012","kg","0"
"Livestock Manure","Brazil","Manure left on pasture that volatilises (N content)","Swine, breeding","2013","kg","0"
"Livestock Manure","Brazil","Manure left on pasture that volatilises (N content)","Swine, breeding","2014","kg","0"
"Livestock Manure","Brazil","Manure left on pasture that volatilises (N content)","Swine, breeding","2015","kg","0"
"Livestock Manure","Brazil","Manure left on pasture that volatilises (N content)","Swine, breeding","2016","kg","0"
"Livestock Manure","Brazil","Manure left on pasture that volatilises (N content)","Swine, breeding","2017","kg","0"
"Livestock Manure","Brazil","Manure left on pasture that leaches (N content)","Swine, breeding","2007","kg","0"
"Livestock Manure","Brazil","Manure left on pasture that leaches (N content)","Swine, breeding","2008","kg","0"
"Livestock Manure","Brazil","Manure left on pasture that leaches (N content)","Swine, breeding","2009","kg","0"
"Livestock Manure","Brazil","Manure left on pasture that leaches (N content)","Swine, breeding","2010","kg","0"
"Livestock Manure","Brazil","Manure left on pasture that leaches (N content)","Swine, breeding","2011","kg","0"
"Livestock Manure","Brazil","Manure left on pasture that leaches (N content)","Swine, breeding","2012","kg","0"
"Livestock Manure","Brazil","Manure left on pasture that leaches (N content)","Swine, breeding","2013","kg","0"
"Livestock Manure","Brazil","Manure left on pasture that leaches (N content)","Swine, breeding","2014","kg","0"
"Livestock Manure","Brazil","Manure left on pasture that leaches (N content)","Swine, breeding","2015","kg","0"
"Livestock Manure","Brazil","Manure left on pasture that leaches (N content)","Swine, breeding","2016","kg","0"
"Livestock Manure","Brazil","Manure left on pasture that leaches (N content)","Swine, breeding","2017","kg","0"
"Livestock Manure","Brazil","Manure treated (N content)","Swine, breeding","2007","kg","20204695.742000002"
"Livestock Manure","Brazil","Manure treated (N content)","Swine, breeding","2008","kg","20695971.142"
"Livestock Manure","Brazil","Manure treated (N content)","Swine, breeding","2009","kg","21385353.066000003"
"Livestock Manure","Brazil","Manure treated (N content)","Swine, breeding","2010","kg","21897594.796"
"Livestock Manure","Brazil","Manure treated (N content)","Swine, breeding","2011","kg","22094655.814000003"
"Livestock Manure","Brazil","Manure treated (N content)","Swine, breeding","2012","kg","21807175.39"
"Livestock Manure","Brazil","Manure treated (N content)","Swine, breeding","2013","kg","20653571.939000003"
"Livestock Manure","Brazil","Manure treated (N content)","Swine, breeding","2014","kg","21320627.251000002"
"Livestock Manure","Brazil","Manure treated (N content)","Swine, breeding","2015","kg","22368893.162"
"Livestock Manure","Brazil","Manure treated (N content)","Swine, breeding","2016","kg","22423894.647000004"
"Livestock Manure","Brazil","Manure treated (N content)","Swine, breeding","2017","kg","23102006.466000002"
"Livestock Manure","Brazil","Losses from manure treated (N content)","Swine, breeding","2007","kg","1768410.9936562376"
"Livestock Manure","Brazil","Losses from manure treated (N content)","Swine, breeding","2008","kg","1811409.7514384156"
"Livestock Manure","Brazil","Losses from manure treated (N content)","Swine, breeding","2009","kg","1871747.7336974258"
"Livestock Manure","Brazil","Losses from manure treated (N content)","Swine, breeding","2010","kg","1916581.5643231682"
"Livestock Manure","Brazil","Losses from manure treated (N content)","Swine, breeding","2011","kg","1933829.2811461384"
"Livestock Manure","Brazil","Losses from manure treated (N content)","Swine, breeding","2012","kg","1908667.6281940592"
"Livestock Manure","Brazil","Losses from manure treated (N content)","Swine, breeding","2013","kg","1807698.771690693"
"Livestock Manure","Brazil","Losses from manure treated (N content)","Swine, breeding","2014","kg","1866082.6227607923"
"Livestock Manure","Brazil","Losses from manure treated (N content)","Swine, breeding","2015","kg","1957831.8371493067"
"Livestock Manure","Brazil","Losses from manure treated (N content)","Swine, breeding","2016","kg","1962645.828509703"
"Livestock Manure","Brazil","Losses from manure treated (N content)","Swine, breeding","2017","kg","2021997.3976182179"
"Livestock Manure","Brazil","Manure applied to soils (N content)","Swine, breeding","2007","kg","20393686.827551685"
"Livestock Manure","Brazil","Manure applied to soils (N content)","Swine, breeding","2008","kg","20889557.529175445"
"Livestock Manure","Brazil","Manure applied to soils (N content)","Swine, breeding","2009","kg","21585387.807550102"
"Livestock Manure","Brazil","Manure applied to soils (N content)","Swine, breeding","2010","kg","22102420.95444911"
"Livestock Manure","Brazil","Manure applied to soils (N content)","Swine, breeding","2011","kg","22301325.24572515"
"Livestock Manure","Brazil","Manure applied to soils (N content)","Swine, breeding","2012","kg","22011155.781607926"
"Livestock Manure","Brazil","Manure applied to soils (N content)","Swine, breeding","2013","kg","20846761.731665745"
"Livestock Manure","Brazil","Manure applied to soils (N content)","Swine, breeding","2014","kg","21520056.55893228"
"Livestock Manure","Brazil","Manure applied to soils (N content)","Swine, breeding","2015","kg","22578127.76049426"
"Livestock Manure","Brazil","Manure applied to soils (N content)","Swine, breeding","2016","kg","22633643.7194804"
"Livestock Manure","Brazil","Manure applied to soils (N content)","Swine, breeding","2017","kg","23318098.47432238"
"Livestock Manure","Brazil","Manure applied to soils that volatilises (N content)","Swine, breeding","2007","kg","4078737.365510337"
"Livestock Manure","Brazil","Manure applied to soils that volatilises (N content)","Swine, breeding","2008","kg","4177911.5058350894"
"Livestock Manure","Brazil","Manure applied to soils that volatilises (N content)","Swine, breeding","2009","kg","4317077.561510021"
"Livestock Manure","Brazil","Manure applied to soils that volatilises (N content)","Swine, breeding","2010","kg","4420484.190889822"
"Livestock Manure","Brazil","Manure applied to soils that volatilises (N content)","Swine, breeding","2011","kg","4460265.049145031"
"Livestock Manure","Brazil","Manure applied to soils that volatilises (N content)","Swine, breeding","2012","kg","4402231.156321585"
"Livestock Manure","Brazil","Manure applied to soils that volatilises (N content)","Swine, breeding","2013","kg","4169352.3463331494"
"Livestock Manure","Brazil","Manure applied to soils that volatilises (N content)","Swine, breeding","2014","kg","4304011.311786456"
"Livestock Manure","Brazil","Manure applied to soils that volatilises (N content)","Swine, breeding","2015","kg","4515625.552098852"
"Livestock Manure","Brazil","Manure applied to soils that volatilises (N content)","Swine, breeding","2016","kg","4526728.74389608"
"Livestock Manure","Brazil","Manure applied to soils that volatilises (N content)","Swine, breeding","2017","kg","4663619.694864476"
"Livestock Manure","Brazil","Manure applied to soils that leaches (N content)","Swine, breeding","2007","kg","6118106.048265506"
"Livestock Manure","Brazil","Manure applied to soils that leaches (N content)","Swine, breeding","2008","kg","6266867.258752634"
"Livestock Manure","Brazil","Manure applied to soils that leaches (N content)","Swine, breeding","2009","kg","6475616.34226503"
"Livestock Manure","Brazil","Manure applied to soils that leaches (N content)","Swine, breeding","2010","kg","6630726.286334733"
"Livestock Manure","Brazil","Manure applied to soils that leaches (N content)","Swine, breeding","2011","kg","6690397.573717545"
"Livestock Manure","Brazil","Manure applied to soils that leaches (N content)","Swine, breeding","2012","kg","6603346.734482378"
"Livestock Manure","Brazil","Manure applied to soils that leaches (N content)","Swine, breeding","2013","kg","6254028.519499724"
"Livestock Manure","Brazil","Manure applied to soils that leaches (N content)","Swine, breeding","2014","kg","6456016.967679683"
"Livestock Manure","Brazil","Manure applied to soils that leaches (N content)","Swine, breeding","2015","kg","6773438.3281482775"
"Livestock Manure","Brazil","Manure applied to soils that leaches (N content)","Swine, breeding","2016","kg","6790093.115844119"
"Livestock Manure","Brazil","Manure applied to soils that leaches (N content)","Swine, breeding","2017","kg","6995429.542296713"
"Livestock Manure","Brazil","Stocks","Swine, market","2007","Head","32350514"
"Livestock Manure","Brazil","Stocks","Swine, market","2008","Head","33137114"
"Livestock Manure","Brazil","Stocks","Swine, market","2009","Head","34240910"
"Livestock Manure","Brazil","Stocks","Swine, market","2010","Head","35061084"
"Livestock Manure","Brazil","Stocks","Swine, market","2011","Head","35376602"
"Livestock Manure","Brazil","Stocks","Swine, market","2012","Head","34916312"
"Livestock Manure","Brazil","Stocks","Swine, market","2013","Head","33069234"
"Livestock Manure","Brazil","Stocks","Swine, market","2014","Head","34137276"
"Livestock Manure","Brazil","Stocks","Swine, market","2015","Head","35815700"
"Livestock Manure","Brazil","Stocks","Swine, market","2016","Head","35903766"
"Livestock Manure","Brazil","Stocks","Swine, market","2017","Head","36989514"
"Livestock Manure","Brazil","Amount excreted in manure (N content)","Swine, market","2007","kg","519076937.3356"
"Livestock Manure","Brazil","Amount excreted in manure (N content)","Swine, market","2008","kg","531698248.9756"
"Livestock Manure","Brazil","Amount excreted in manure (N content)","Swine, market","2009","kg","549409097.314"
"Livestock Manure","Brazil","Amount excreted in manure (N content)","Swine, market","2010","kg","562569117.2136"
"Livestock Manure","Brazil","Amount excreted in manure (N content)","Swine, market","2011","kg","567631729.7308"
"Livestock Manure","Brazil","Amount excreted in manure (N content)","Swine, market","2012","kg","560246192.5648"
"Livestock Manure","Brazil","Amount excreted in manure (N content)","Swine, market","2013","kg","530609087.22360003"
"Livestock Manure","Brazil","Amount excreted in manure (N content)","Swine, market","2014","kg","547746248.3304"
"Livestock Manure","Brazil","Amount excreted in manure (N content)","Swine, market","2015","kg","574677232.78"
"Livestock Manure","Brazil","Amount excreted in manure (N content)","Swine, market","2016","kg","576090286.9764"
"Livestock Manure","Brazil","Amount excreted in manure (N content)","Swine, market","2017","kg","593511547.9356"
"Livestock Manure","Brazil","Manure left on pasture (N content)","Swine, market","2007","kg","0"
"Livestock Manure","Brazil","Manure left on pasture (N content)","Swine, market","2008","kg","0"
"Livestock Manure","Brazil","Manure left on pasture (N content)","Swine, market","2009","kg","0"
"Livestock Manure","Brazil","Manure left on pasture (N content)","Swine, market","2010","kg","0"
"Livestock Manure","Brazil","Manure left on pasture (N content)","Swine, market","2011","kg","0"
"Livestock Manure","Brazil","Manure left on pasture (N content)","Swine, market","2012","kg","0"
"Livestock Manure","Brazil","Manure left on pasture (N content)","Swine, market","2013","kg","0"
"Livestock Manure","Brazil","Manure left on pasture (N content)","Swine, market","2014","kg","0"
"Livestock Manure","Brazil","Manure left on pasture (N content)","Swine, market","2015","kg","0"
"Livestock Manure","Brazil","Manure left on pasture (N content)","Swine, market","2016","kg","0"
"Livestock Manure","Brazil","Manure left on pasture (N content)","Swine, market","2017","kg","0"
"Livestock Manure","Brazil","Manure left on pasture that volatilises (N content)","Swine, market","2007","kg","0"
"Livestock Manure","Brazil","Manure left on pasture that volatilises (N content)","Swine, market","2008","kg","0"
"Livestock Manure","Brazil","Manure left on pasture that volatilises (N content)","Swine, market","2009","kg","0"
"Livestock Manure","Brazil","Manure left on pasture that volatilises (N content)","Swine, market","2010","kg","0"
"Livestock Manure","Brazil","Manure left on pasture that volatilises (N content)","Swine, market","2011","kg","0"
"Livestock Manure","Brazil","Manure left on pasture that volatilises (N content)","Swine, market","2012","kg","0"
"Livestock Manure","Brazil","Manure left on pasture that volatilises (N content)","Swine, market","2013","kg","0"
"Livestock Manure","Brazil","Manure left on pasture that volatilises (N content)","Swine, market","2014","kg","0"
"Livestock Manure","Brazil","Manure left on pasture that volatilises (N content)","Swine, market","2015","kg","0"
"Livestock Manure","Brazil","Manure left on pasture that volatilises (N content)","Swine, market","2016","kg","0"
"Livestock Manure","Brazil","Manure left on pasture that volatilises (N content)","Swine, market","2017","kg","0"
"Livestock Manure","Brazil","Manure left on pasture that leaches (N content)","Swine, market","2007","kg","0"
"Livestock Manure","Brazil","Manure left on pasture that leaches (N content)","Swine, market","2008","kg","0"
"Livestock Manure","Brazil","Manure left on pasture that leaches (N content)","Swine, market","2009","kg","0"
"Livestock Manure","Brazil","Manure left on pasture that leaches (N content)","Swine, market","2010","kg","0"
"Livestock Manure","Brazil","Manure left on pasture that leaches (N content)","Swine, market","2011","kg","0"
"Livestock Manure","Brazil","Manure left on pasture that leaches (N content)","Swine, market","2012","kg","0"
"Livestock Manure","Brazil","Manure left on pasture that leaches (N content)","Swine, market","2013","kg","0"
"Livestock Manure","Brazil","Manure left on pasture that leaches (N content)","Swine, market","2014","kg","0"
"Livestock Manure","Brazil","Manure left on pasture that leaches (N content)","Swine, market","2015","kg","0"
"Livestock Manure","Brazil","Manure left on pasture that leaches (N content)","Swine, market","2016","kg","0"
"Livestock Manure","Brazil","Manure left on pasture that leaches (N content)","Swine, market","2017","kg","0"
"Livestock Manure","Brazil","Manure treated (N content)","Swine, market","2007","kg","519076937.3356"
"Livestock Manure","Brazil","Manure treated (N content)","Swine, market","2008","kg","531698248.9756"
"Livestock Manure","Brazil","Manure treated (N content)","Swine, market","2009","kg","549409097.314"
"Livestock Manure","Brazil","Manure treated (N content)","Swine, market","2010","kg","562569117.2136"
"Livestock Manure","Brazil","Manure treated (N content)","Swine, market","2011","kg","567631729.7308"
"Livestock Manure","Brazil","Manure treated (N content)","Swine, market","2012","kg","560246192.5648"
"Livestock Manure","Brazil","Manure treated (N content)","Swine, market","2013","kg","530609087.22360003"
"Livestock Manure","Brazil","Manure treated (N content)","Swine, market","2014","kg","547746248.3304"
"Livestock Manure","Brazil","Manure treated (N content)","Swine, market","2015","kg","574677232.78"
"Livestock Manure","Brazil","Manure treated (N content)","Swine, market","2016","kg","576090286.9764"
"Livestock Manure","Brazil","Manure treated (N content)","Swine, market","2017","kg","593511547.9356"
"Livestock Manure","Brazil","Losses from manure treated (N content)","Swine, market","2007","kg","45432080.455907956"
"Livestock Manure","Brazil","Losses from manure treated (N content)","Swine, market","2008","kg","46536757.63311191"
"Livestock Manure","Brazil","Losses from manure treated (N content)","Swine, market","2009","kg","48086895.25005703"
"Livestock Manure","Brazil","Losses from manure treated (N content)","Swine, market","2010","kg","49238722.73433885"
"Livestock Manure","Brazil","Losses from manure treated (N content)","Swine, market","2011","kg","49681826.64178487"
"Livestock Manure","Brazil","Losses from manure treated (N content)","Swine, market","2012","kg","49035409.32943398"
"Livestock Manure","Brazil","Losses from manure treated (N content)","Swine, market","2013","kg","46441429.02036261"
"Livestock Manure","Brazil","Losses from manure treated (N content)","Swine, market","2014","kg","47941354.80436371"
"Livestock Manure","Brazil","Losses from manure treated (N content)","Swine, market","2015","kg","50298482.55222969"
"Livestock Manure","Brazil","Losses from manure treated (N content)","Swine, market","2016","kg","50422159.77100372"
"Livestock Manure","Brazil","Losses from manure treated (N content)","Swine, market","2017","kg","51946951.32426439"
"Livestock Manure","Brazil","Manure applied to soils (N content)","Swine, market","2007","kg","476207273.83018714"
"Livestock Manure","Brazil","Manure applied to soils (N content)","Swine, market","2008","kg","487786213.2434782"
"Livestock Manure","Brazil","Manure applied to soils (N content)","Swine, market","2009","kg","504034353.3510717"
"Livestock Manure","Brazil","Manure applied to soils (N content)","Swine, market","2010","kg","516107510.0436176"
"Livestock Manure","Brazil","Manure applied to soils (N content)","Swine, market","2011","kg","520752010.17812407"
"Livestock Manure","Brazil","Manure applied to soils (N content)","Swine, market","2012","kg","513976431.7106136"
"Livestock Manure","Brazil","Manure applied to soils (N content)","Swine, market","2013","kg","486787003.4705641"
"Livestock Manure","Brazil","Manure applied to soils (N content)","Swine, market","2014","kg","502508836.17950165"
"Livestock Manure","Brazil","Manure applied to soils (N content)","Swine, market","2015","kg","527215637.35648316"
"Livestock Manure","Brazil","Manure applied to soils (N content)","Swine, market","2016","kg","528511989.8588616"
"Livestock Manure","Brazil","Manure applied to soils (N content)","Swine, market","2017","kg","544494459.1063851"
"Livestock Manure","Brazil","Manure applied to soils that volatilises (N content)","Swine, market","2007","kg","95241454.76603743"
"Livestock Manure","Brazil","Manure applied to soils that volatilises (N content)","Swine, market","2008","kg","97557242.64869565"
"Livestock Manure","Brazil","Manure applied to soils that volatilises (N content)","Swine, market","2009","kg","100806870.67021435"
"Livestock Manure","Brazil","Manure applied to soils that volatilises (N content)","Swine, market","2010","kg","103221502.00872353"
"Livestock Manure","Brazil","Manure applied to soils that volatilises (N content)","Swine, market","2011","kg","104150402.03562482"
"Livestock Manure","Brazil","Manure applied to soils that volatilises (N content)","Swine, market","2012","kg","102795286.34212273"
"Livestock Manure","Brazil","Manure applied to soils that volatilises (N content)","Swine, market","2013","kg","97357400.69411284"
"Livestock Manure","Brazil","Manure applied to soils that volatilises (N content)","Swine, market","2014","kg","100501767.23590034"
"Livestock Manure","Brazil","Manure applied to soils that volatilises (N content)","Swine, market","2015","kg","105443127.47129664"
"Livestock Manure","Brazil","Manure applied to soils that volatilises (N content)","Swine, market","2016","kg","105702397.97177233"
"Livestock Manure","Brazil","Manure applied to soils that volatilises (N content)","Swine, market","2017","kg","108898891.82127702"
"Livestock Manure","Brazil","Manure applied to soils that leaches (N content)","Swine, market","2007","kg","142862182.14905614"
"Livestock Manure","Brazil","Manure applied to soils that leaches (N content)","Swine, market","2008","kg","146335863.97304344"
"Livestock Manure","Brazil","Manure applied to soils that leaches (N content)","Swine, market","2009","kg","151210306.0053215"
"Livestock Manure","Brazil","Manure applied to soils that leaches (N content)","Swine, market","2010","kg","154832253.01308528"
"Livestock Manure","Brazil","Manure applied to soils that leaches (N content)","Swine, market","2011","kg","156225603.0534372"
"Livestock Manure","Brazil","Manure applied to soils that leaches (N content)","Swine, market","2012","kg","154192929.51318407"
"Livestock Manure","Brazil","Manure applied to soils that leaches (N content)","Swine, market","2013","kg","146036101.04116923"
"Livestock Manure","Brazil","Manure applied to soils that leaches (N content)","Swine, market","2014","kg","150752650.85385048"
"Livestock Manure","Brazil","Manure applied to soils that leaches (N content)","Swine, market","2015","kg","158164691.20694494"
"Livestock Manure","Brazil","Manure applied to soils that leaches (N content)","Swine, market","2016","kg","158553596.95765847"
"Livestock Manure","Brazil","Manure applied to soils that leaches (N content)","Swine, market","2017","kg","163348337.73191553"
